"table__cell","table__cell 2","table__cell 3","table__cell 4","table__cell 5","table__cell 6","table__cell 7","icon-elbow","icon-elbow href"
"València","2.763 €/m2","+ 2,1 %","+ 5,9 %","+ 20,0 %","2.763 €/m2 oct 2024","0,0 %","",""
"","2.792 €/m2","+ 2,1 %","+ 6,6 %","+ 21,9 %","2.792 €/m2 oct 2024","0,0 %","Algirós","https://www.idealista.com/sala-de-prensa/informes-precio-vivienda/venta/comunitat-valenciana/valencia-valencia/valencia/algiros/"
"- 0,5 %","2.112 €/m2","+ 2,7 %","+ 14,0 %","- 5,1 %","2.224 €/m2 abr 2011","","Benicalap","https://www.idealista.com/sala-de-prensa/informes-precio-vivienda/venta/comunitat-valenciana/valencia-valencia/valencia/benicalap/"
"","2.643 €/m2","+ 1,5 %","+ 2,5 %","+ 20,3 %","2.643 €/m2 oct 2024","0,0 %","Benimaclet","https://www.idealista.com/sala-de-prensa/informes-precio-vivienda/venta/comunitat-valenciana/valencia-valencia/valencia/benimaclet/"
"","2.896 €/m2","+ 2,7 %","+ 4,3 %","+ 23,2 %","2.896 €/m2 oct 2024","0,0 %","Camins al Grau","https://www.idealista.com/sala-de-prensa/informes-precio-vivienda/venta/comunitat-valenciana/valencia-valencia/valencia/camins-al-grau/"
"- 1,6 %","2.870 €/m2","+ 5,1 %","- 6,8 %","- 5,2 %","3.079 €/m2 abr 2024","","Campanar","https://www.idealista.com/sala-de-prensa/informes-precio-vivienda/venta/comunitat-valenciana/valencia-valencia/valencia/campanar/"
"","3.832 €/m2","+ 3,4 %","+ 6,6 %","+ 20,4 %","3.832 €/m2 oct 2024","0,0 %","Ciutat Vella","https://www.idealista.com/sala-de-prensa/informes-precio-vivienda/venta/comunitat-valenciana/valencia-valencia/valencia/ciutat-vella/"
"- 1,5 %","3.534 €/m2","+ 0,9 %","+ 4,7 %","+ 19,9 %","3.589 €/m2 ago 2024","","El Pla del Real","https://www.idealista.com/sala-de-prensa/informes-precio-vivienda/venta/comunitat-valenciana/valencia-valencia/valencia/el-pla-del-real/"
"","3.125 €/m2","+ 1,2 %","+ 6,0 %","+ 22,8 %","3.125 €/m2 oct 2024","0,0 %","Extramurs","https://www.idealista.com/sala-de-prensa/informes-precio-vivienda/venta/comunitat-valenciana/valencia-valencia/valencia/extramurs/"
"","2.078 €/m2","+ 5,4 %","+ 5,3 %","+ 18,1 %","2.078 €/m2 oct 2024","0,0 %","Jesús","https://www.idealista.com/sala-de-prensa/informes-precio-vivienda/venta/comunitat-valenciana/valencia-valencia/valencia/jesus/"
"","4.112 €/m2","+ 1,4 %","+ 4,9 %","+ 20,0 %","4.112 €/m2 oct 2024","0,0 %","L'Eixample","https://www.idealista.com/sala-de-prensa/informes-precio-vivienda/venta/comunitat-valenciana/valencia-valencia/valencia/leixample/"
"- 2,5 %","1.912 €/m2","+ 5,3 %","+ 7,1 %","+ 16,0 %","1.961 €/m2 feb 2010","","L'Olivereta","https://www.idealista.com/sala-de-prensa/informes-precio-vivienda/venta/comunitat-valenciana/valencia-valencia/valencia/lolivereta/"
"","2.280 €/m2","+ 3,6 %","+ 6,0 %","+ 24,8 %","2.280 €/m2 oct 2024","0,0 %","Patraix","https://www.idealista.com/sala-de-prensa/informes-precio-vivienda/venta/comunitat-valenciana/valencia-valencia/valencia/patraix/"
"","2.662 €/m2","+ 3,8 %","+ 9,8 %","+ 27,3 %","2.662 €/m2 oct 2024","0,0 %","Poblats Marítims","https://www.idealista.com/sala-de-prensa/informes-precio-vivienda/venta/comunitat-valenciana/valencia-valencia/valencia/poblats-maritims/"
"","1.848 €/m2","+ 3,2 %","+ 1,5 %","+ 16,3 %","1.848 €/m2 oct 2024","0,0 %","Rascanya","https://www.idealista.com/sala-de-prensa/informes-precio-vivienda/venta/comunitat-valenciana/valencia-valencia/valencia/rascanya/"